# Daily Auto-Commit: Fri Jun 20 08:17:16 UTC 2025
# Daily Auto-Commit: Fri Jun 20 12:19:40 UTC 2025
# Daily Auto-Commit: Sat Jun 21 12:17:10 UTC 2025
# Daily Auto-Commit: Sun Jun 22 12:17:25 UTC 2025
# Daily Auto-Commit: Mon Jun 23 12:20:47 UTC 2025
# Daily Auto-Commit: Tue Jun 24 12:20:16 UTC 2025
# Daily Auto-Commit: Wed Jun 25 12:20:17 UTC 2025
# Daily Auto-Commit: Thu Jun 26 12:19:54 UTC 2025
# Daily Auto-Commit: Fri Jun 27 12:19:31 UTC 2025
# Daily Auto-Commit: Sat Jun 28 12:17:27 UTC 2025
# Daily Auto-Commit: Sun Jun 29 12:17:56 UTC 2025
# Daily Auto-Commit: Mon Jun 30 12:19:55 UTC 2025
# Daily Auto-Commit: Tue Jul  1 12:20:31 UTC 2025
# Daily Auto-Commit: Wed Jul  2 12:19:45 UTC 2025
# Daily Auto-Commit: Thu Jul  3 12:20:09 UTC 2025
# Daily Auto-Commit: Fri Jul  4 12:19:47 UTC 2025
# Daily Auto-Commit: Sat Jul  5 12:17:37 UTC 2025
# Daily Auto-Commit: Sun Jul  6 12:17:39 UTC 2025
# Daily Auto-Commit: Mon Jul  7 12:20:05 UTC 2025
# Daily Auto-Commit: Tue Jul  8 12:20:46 UTC 2025
# Daily Auto-Commit: Wed Jul  9 12:20:20 UTC 2025
# Daily Auto-Commit: Thu Jul 10 12:20:21 UTC 2025
# Daily Auto-Commit: Fri Jul 11 12:19:41 UTC 2025
# Daily Auto-Commit: Sat Jul 12 12:17:49 UTC 2025
# Daily Auto-Commit: Sun Jul 13 12:18:32 UTC 2025
# Daily Auto-Commit: Mon Jul 14 12:20:51 UTC 2025
# Daily Auto-Commit: Tue Jul 15 12:21:11 UTC 2025
# Daily Auto-Commit: Wed Jul 16 12:20:57 UTC 2025
# Daily Auto-Commit: Thu Jul 17 12:20:48 UTC 2025
# Daily Auto-Commit: Fri Jul 18 12:21:03 UTC 2025
# Daily Auto-Commit: Sat Jul 19 12:18:27 UTC 2025
# Daily Auto-Commit: Sun Jul 20 12:18:46 UTC 2025
# Daily Auto-Commit: Mon Jul 21 12:21:42 UTC 2025
# Daily Auto-Commit: Tue Jul 22 12:21:11 UTC 2025
# Daily Auto-Commit: Wed Jul 23 12:21:29 UTC 2025
# Daily Auto-Commit: Thu Jul 24 12:21:23 UTC 2025
# Daily Auto-Commit: Fri Jul 25 12:20:38 UTC 2025
# Daily Auto-Commit: Sat Jul 26 12:18:29 UTC 2025
# Daily Auto-Commit: Sun Jul 27 12:19:32 UTC 2025
# Daily Auto-Commit: Mon Jul 28 12:21:40 UTC 2025
# Daily Auto-Commit: Tue Jul 29 12:22:02 UTC 2025
# Daily Auto-Commit: Wed Jul 30 12:21:53 UTC 2025
# Daily Auto-Commit: Thu Jul 31 12:19:49 UTC 2025
# Daily Auto-Commit: Fri Aug  1 12:21:20 UTC 2025
# Daily Auto-Commit: Sat Aug  2 12:18:54 UTC 2025
# Daily Auto-Commit: Sun Aug  3 12:19:14 UTC 2025
# Daily Auto-Commit: Mon Aug  4 12:22:12 UTC 2025
# Daily Auto-Commit: Tue Aug  5 12:22:22 UTC 2025
# Daily Auto-Commit: Wed Aug  6 12:22:41 UTC 2025
# Daily Auto-Commit: Thu Aug  7 12:22:25 UTC 2025
# Daily Auto-Commit: Fri Aug  8 12:21:34 UTC 2025
# Daily Auto-Commit: Sat Aug  9 12:18:40 UTC 2025
# Daily Auto-Commit: Sun Aug 10 12:19:02 UTC 2025
# Daily Auto-Commit: Mon Aug 11 12:21:28 UTC 2025
# Daily Auto-Commit: Tue Aug 12 12:20:18 UTC 2025
# Daily Auto-Commit: Wed Aug 13 12:20:39 UTC 2025
# Daily Auto-Commit: Thu Aug 14 12:21:05 UTC 2025
# Daily Auto-Commit: Fri Aug 15 12:19:31 UTC 2025
# Daily Auto-Commit: Sat Aug 16 12:17:56 UTC 2025
# Daily Auto-Commit: Sun Aug 17 12:18:30 UTC 2025
# Daily Auto-Commit: Mon Aug 18 12:21:03 UTC 2025
# Daily Auto-Commit: Tue Aug 19 12:19:41 UTC 2025
# Daily Auto-Commit: Wed Aug 20 12:19:26 UTC 2025
# Daily Auto-Commit: Thu Aug 21 12:19:37 UTC 2025
# Daily Auto-Commit: Fri Aug 22 12:18:55 UTC 2025
# Daily Auto-Commit: Sat Aug 23 12:17:00 UTC 2025
# Daily Auto-Commit: Sun Aug 24 12:17:24 UTC 2025
# Daily Auto-Commit: Mon Aug 25 12:19:56 UTC 2025
# Daily Auto-Commit: Tue Aug 26 12:20:44 UTC 2025
# Daily Auto-Commit: Wed Aug 27 12:19:12 UTC 2025
# Daily Auto-Commit: Thu Aug 28 12:19:08 UTC 2025
# Daily Auto-Commit: Fri Aug 29 12:18:37 UTC 2025
# Daily Auto-Commit: Sat Aug 30 12:16:35 UTC 2025
# Daily Auto-Commit: Sun Aug 31 12:17:13 UTC 2025
# Daily Auto-Commit: Mon Sep  1 12:19:40 UTC 2025
# Daily Auto-Commit: Tue Sep  2 12:19:48 UTC 2025
# Daily Auto-Commit: Wed Sep  3 12:19:19 UTC 2025
# Daily Auto-Commit: Thu Sep  4 12:19:02 UTC 2025
# Daily Auto-Commit: Fri Sep  5 12:18:31 UTC 2025
# Daily Auto-Commit: Sat Sep  6 12:16:13 UTC 2025
# Daily Auto-Commit: Sun Sep  7 12:16:33 UTC 2025
# Daily Auto-Commit: Mon Sep  8 12:20:03 UTC 2025
# Daily Auto-Commit: Tue Sep  9 12:20:26 UTC 2025
# Daily Auto-Commit: Wed Sep 10 12:18:36 UTC 2025
# Daily Auto-Commit: Thu Sep 11 12:18:27 UTC 2025
# Daily Auto-Commit: Fri Sep 12 12:18:47 UTC 2025
# Daily Auto-Commit: Sat Sep 13 12:16:29 UTC 2025
# Daily Auto-Commit: Sun Sep 14 12:16:08 UTC 2025
# Daily Auto-Commit: Mon Sep 15 12:19:17 UTC 2025
# Daily Auto-Commit: Tue Sep 16 12:18:56 UTC 2025
# Daily Auto-Commit: Wed Sep 17 12:19:02 UTC 2025
# Daily Auto-Commit: Thu Sep 18 12:18:29 UTC 2025
# Daily Auto-Commit: Fri Sep 19 12:19:10 UTC 2025
# Daily Auto-Commit: Sat Sep 20 12:16:58 UTC 2025
# Daily Auto-Commit: Sun Sep 21 12:17:01 UTC 2025
# Daily Auto-Commit: Mon Sep 22 12:19:39 UTC 2025
# Daily Auto-Commit: Tue Sep 23 12:19:02 UTC 2025
# Daily Auto-Commit: Wed Sep 24 12:19:34 UTC 2025
# Daily Auto-Commit: Thu Sep 25 12:20:14 UTC 2025
# Daily Auto-Commit: Fri Sep 26 12:19:03 UTC 2025
# Daily Auto-Commit: Sat Sep 27 12:16:18 UTC 2025
# Daily Auto-Commit: Sun Sep 28 12:17:17 UTC 2025
# Daily Auto-Commit: Mon Sep 29 12:19:57 UTC 2025
# Daily Auto-Commit: Tue Sep 30 12:20:00 UTC 2025
# Daily Auto-Commit: Wed Oct  1 12:20:24 UTC 2025
# Daily Auto-Commit: Thu Oct  2 12:18:04 UTC 2025
# Daily Auto-Commit: Fri Oct  3 12:18:33 UTC 2025
# Daily Auto-Commit: Sat Oct  4 12:16:21 UTC 2025
# Daily Auto-Commit: Sun Oct  5 12:16:55 UTC 2025
# Daily Auto-Commit: Mon Oct  6 12:19:50 UTC 2025
# Daily Auto-Commit: Tue Oct  7 12:19:56 UTC 2025
# Daily Auto-Commit: Wed Oct  8 12:20:27 UTC 2025
# Daily Auto-Commit: Thu Oct  9 12:19:27 UTC 2025
# Daily Auto-Commit: Fri Oct 10 12:20:04 UTC 2025
# Daily Auto-Commit: Sat Oct 11 12:16:57 UTC 2025
# Daily Auto-Commit: Sun Oct 12 12:17:00 UTC 2025
# Daily Auto-Commit: Mon Oct 13 12:19:54 UTC 2025
# Daily Auto-Commit: Tue Oct 14 12:20:44 UTC 2025
# Daily Auto-Commit: Wed Oct 15 12:21:07 UTC 2025
# Daily Auto-Commit: Thu Oct 16 12:20:06 UTC 2025
# Daily Auto-Commit: Fri Oct 17 12:19:37 UTC 2025
# Daily Auto-Commit: Sat Oct 18 12:17:05 UTC 2025
# Daily Auto-Commit: Sun Oct 19 12:17:34 UTC 2025
# Daily Auto-Commit: Mon Oct 20 12:20:12 UTC 2025
# Daily Auto-Commit: Tue Oct 21 12:20:26 UTC 2025
# Daily Auto-Commit: Wed Oct 22 12:20:29 UTC 2025
# Daily Auto-Commit: Thu Oct 23 12:20:46 UTC 2025
# Daily Auto-Commit: Fri Oct 24 12:20:27 UTC 2025
# Daily Auto-Commit: Sat Oct 25 12:17:15 UTC 2025
# Daily Auto-Commit: Sun Oct 26 12:17:40 UTC 2025
# Daily Auto-Commit: Mon Oct 27 12:20:31 UTC 2025
# Daily Auto-Commit: Tue Oct 28 12:19:59 UTC 2025
# Daily Auto-Commit: Wed Oct 29 12:20:49 UTC 2025
# Daily Auto-Commit: Thu Oct 30 12:20:18 UTC 2025
# Daily Auto-Commit: Fri Oct 31 12:20:40 UTC 2025
# Daily Auto-Commit: Sat Nov  1 12:17:23 UTC 2025
# Daily Auto-Commit: Sun Nov  2 12:17:04 UTC 2025
# Daily Auto-Commit: Mon Nov  3 12:20:58 UTC 2025
# Daily Auto-Commit: Tue Nov  4 12:21:41 UTC 2025
# Daily Auto-Commit: Wed Nov  5 12:20:40 UTC 2025
# Daily Auto-Commit: Thu Nov  6 12:20:08 UTC 2025
# Daily Auto-Commit: Fri Nov  7 12:19:36 UTC 2025
# Daily Auto-Commit: Sat Nov  8 12:17:21 UTC 2025
# Daily Auto-Commit: Sun Nov  9 12:17:37 UTC 2025
# Daily Auto-Commit: Mon Nov 10 12:20:50 UTC 2025
# Daily Auto-Commit: Tue Nov 11 12:20:33 UTC 2025
# Daily Auto-Commit: Wed Nov 12 12:20:58 UTC 2025
# Daily Auto-Commit: Thu Nov 13 12:21:05 UTC 2025
# Daily Auto-Commit: Fri Nov 14 12:21:07 UTC 2025
# Daily Auto-Commit: Sat Nov 15 12:17:55 UTC 2025
# Daily Auto-Commit: Sun Nov 16 12:17:31 UTC 2025
# Daily Auto-Commit: Mon Nov 17 12:20:48 UTC 2025
# Daily Auto-Commit: Tue Nov 18 12:21:17 UTC 2025
# Daily Auto-Commit: Wed Nov 19 12:20:45 UTC 2025
# Daily Auto-Commit: Thu Nov 20 12:20:46 UTC 2025
# Daily Auto-Commit: Fri Nov 21 12:19:52 UTC 2025
# Daily Auto-Commit: Sat Nov 22 12:17:29 UTC 2025
# Daily Auto-Commit: Sun Nov 23 12:17:05 UTC 2025
# Daily Auto-Commit: Mon Nov 24 12:20:47 UTC 2025
# Daily Auto-Commit: Tue Nov 25 12:21:46 UTC 2025
# Daily Auto-Commit: Wed Nov 26 12:21:40 UTC 2025
# Daily Auto-Commit: Thu Nov 27 12:20:58 UTC 2025
# Daily Auto-Commit: Fri Nov 28 12:20:35 UTC 2025
# Daily Auto-Commit: Sat Nov 29 12:18:33 UTC 2025
# Daily Auto-Commit: Sun Nov 30 12:18:25 UTC 2025
# Daily Auto-Commit: Mon Dec  1 12:21:45 UTC 2025
# Daily Auto-Commit: Tue Dec  2 12:22:13 UTC 2025
# Daily Auto-Commit: Wed Dec  3 12:21:50 UTC 2025
# Daily Auto-Commit: Thu Dec  4 12:22:08 UTC 2025
# Daily Auto-Commit: Fri Dec  5 12:21:28 UTC 2025
# Daily Auto-Commit: Sat Dec  6 12:18:37 UTC 2025
# Daily Auto-Commit: Sun Dec  7 12:18:06 UTC 2025
# Daily Auto-Commit: Mon Dec  8 12:21:50 UTC 2025
# Daily Auto-Commit: Tue Dec  9 12:21:49 UTC 2025
# Daily Auto-Commit: Wed Dec 10 12:21:57 UTC 2025
# Daily Auto-Commit: Thu Dec 11 12:22:57 UTC 2025
# Daily Auto-Commit: Fri Dec 12 12:21:34 UTC 2025
# Daily Auto-Commit: Sat Dec 13 12:18:59 UTC 2025
# Daily Auto-Commit: Sun Dec 14 12:18:53 UTC 2025
# Daily Auto-Commit: Mon Dec 15 12:23:38 UTC 2025
# Daily Auto-Commit: Tue Dec 16 12:22:27 UTC 2025
# Daily Auto-Commit: Wed Dec 17 12:22:18 UTC 2025
# Daily Auto-Commit: Thu Dec 18 12:21:36 UTC 2025
# Daily Auto-Commit: Fri Dec 19 12:20:41 UTC 2025
# Daily Auto-Commit: Sat Dec 20 12:18:38 UTC 2025
# Daily Auto-Commit: Sun Dec 21 12:19:04 UTC 2025
# Daily Auto-Commit: Mon Dec 22 12:22:19 UTC 2025
# Daily Auto-Commit: Tue Dec 23 12:22:13 UTC 2025
# Daily Auto-Commit: Wed Dec 24 12:21:14 UTC 2025
# Daily Auto-Commit: Thu Dec 25 12:21:12 UTC 2025
# Daily Auto-Commit: Fri Dec 26 12:21:00 UTC 2025
# Daily Auto-Commit: Sat Dec 27 12:19:23 UTC 2025
# Daily Auto-Commit: Sun Dec 28 12:19:48 UTC 2025
# Daily Auto-Commit: Mon Dec 29 12:23:03 UTC 2025
# Daily Auto-Commit: Tue Dec 30 12:22:24 UTC 2025
# Daily Auto-Commit: Wed Dec 31 12:21:31 UTC 2025
# Daily Auto-Commit: Thu Jan  1 12:21:42 UTC 2026
# Daily Auto-Commit: Fri Jan  2 12:20:59 UTC 2026
# Daily Auto-Commit: Sat Jan  3 12:19:43 UTC 2026
# Daily Auto-Commit: Sun Jan  4 12:20:13 UTC 2026
# Daily Auto-Commit: Mon Jan  5 12:23:17 UTC 2026
# Daily Auto-Commit: Tue Jan  6 12:23:11 UTC 2026
# Daily Auto-Commit: Wed Jan  7 12:23:23 UTC 2026
# Daily Auto-Commit: Thu Jan  8 12:23:44 UTC 2026
# Daily Auto-Commit: Fri Jan  9 12:22:33 UTC 2026
# Daily Auto-Commit: Sat Jan 10 12:19:46 UTC 2026
# Daily Auto-Commit: Sun Jan 11 12:20:22 UTC 2026
# Daily Auto-Commit: Mon Jan 12 12:24:42 UTC 2026
# Daily Auto-Commit: Tue Jan 13 12:23:37 UTC 2026
# Daily Auto-Commit: Wed Jan 14 12:22:52 UTC 2026
# Daily Auto-Commit: Thu Jan 15 12:22:36 UTC 2026
# Daily Auto-Commit: Fri Jan 16 12:22:08 UTC 2026
# Daily Auto-Commit: Sat Jan 17 12:19:34 UTC 2026
# Daily Auto-Commit: Sun Jan 18 12:19:55 UTC 2026
# Daily Auto-Commit: Mon Jan 19 12:24:46 UTC 2026
# Daily Auto-Commit: Tue Jan 20 12:24:44 UTC 2026
# Daily Auto-Commit: Wed Jan 21 12:25:35 UTC 2026
# Daily Auto-Commit: Thu Jan 22 12:25:45 UTC 2026
# Daily Auto-Commit: Fri Jan 23 12:24:08 UTC 2026
# Daily Auto-Commit: Sat Jan 24 12:20:06 UTC 2026
# Daily Auto-Commit: Sun Jan 25 12:21:23 UTC 2026
# Daily Auto-Commit: Mon Jan 26 12:25:00 UTC 2026
# Daily Auto-Commit: Tue Jan 27 12:24:48 UTC 2026
# Daily Auto-Commit: Wed Jan 28 12:26:03 UTC 2026
# Daily Auto-Commit: Thu Jan 29 12:30:39 UTC 2026
# Daily Auto-Commit: Fri Jan 30 12:29:27 UTC 2026
# Daily Auto-Commit: Sat Jan 31 12:22:46 UTC 2026
# Daily Auto-Commit: Sun Feb  1 12:24:25 UTC 2026
# Daily Auto-Commit: Mon Feb  2 12:32:48 UTC 2026
# Daily Auto-Commit: Tue Feb  3 12:33:37 UTC 2026
# Daily Auto-Commit: Wed Feb  4 12:33:29 UTC 2026
# Daily Auto-Commit: Thu Feb  5 12:34:47 UTC 2026
# Daily Auto-Commit: Fri Feb  6 12:33:14 UTC 2026
# Daily Auto-Commit: Sat Feb  7 12:23:52 UTC 2026
# Daily Auto-Commit: Sun Feb  8 12:24:38 UTC 2026
# Daily Auto-Commit: Mon Feb  9 12:41:05 UTC 2026
# Daily Auto-Commit: Tue Feb 10 12:45:08 UTC 2026
# Daily Auto-Commit: Wed Feb 11 12:40:57 UTC 2026
# Daily Auto-Commit: Thu Feb 12 12:37:31 UTC 2026
# Daily Auto-Commit: Fri Feb 13 12:32:38 UTC 2026
# Daily Auto-Commit: Sat Feb 14 12:23:23 UTC 2026
# Daily Auto-Commit: Sun Feb 15 12:25:23 UTC 2026
# Daily Auto-Commit: Mon Feb 16 12:36:04 UTC 2026
# Daily Auto-Commit: Tue Feb 17 12:36:05 UTC 2026
# Daily Auto-Commit: Wed Feb 18 12:35:32 UTC 2026
# Daily Auto-Commit: Thu Feb 19 12:36:53 UTC 2026
# Daily Auto-Commit: Fri Feb 20 12:32:19 UTC 2026
# Daily Auto-Commit: Sat Feb 21 12:23:31 UTC 2026
# Daily Auto-Commit: Sun Feb 22 12:24:18 UTC 2026
# Daily Auto-Commit: Mon Feb 23 12:36:56 UTC 2026
# Daily Auto-Commit: Tue Feb 24 12:37:37 UTC 2026
# Daily Auto-Commit: Wed Feb 25 12:36:58 UTC 2026
# Daily Auto-Commit: Thu Feb 26 12:37:27 UTC 2026
# Daily Auto-Commit: Fri Feb 27 12:32:24 UTC 2026
# Daily Auto-Commit: Sat Feb 28 12:22:37 UTC 2026
# Daily Auto-Commit: Sun Mar  1 12:24:08 UTC 2026
# Daily Auto-Commit: Mon Mar  2 12:32:46 UTC 2026
